{
  "embedding_dim": 64,
  "input_dim": 180,
  "optimal_threshold": 0.9645138382911682,
  "is_trained": true,
  "training_samples": 647,
  "users_trained_count": 2,
  "total_genuine_pairs": 381,
  "total_impostor_pairs": 266,
  "save_timestamp": "2026-01-04T11:29:40.737195",
  "version": "2.0",
  "config": {
    "hidden_layers": [
      128,
      64
    ],
    "activation": "relu",
    "dropout_rate": 0.2,
    "batch_normalization": true,
    "l2_regularization": 0.001,
    "learning_rate": 0.001,
    "batch_size": 32,
    "epochs": 100,
    "patience": 15,
    "validation_split": 0.2,
    "min_users_for_training": 2,
    "min_samples_per_user": 15,
    "max_samples_per_user": 50,
    "min_sessions_per_user": 1,
    "loss_function": "contrastive",
    "distance_metric": "euclidean",
    "margin": 1.5,
    "alpha": 0.2,
    "use_stratified_split": true,
    "cross_validation_folds": 5,
    "threshold_optimization": "eer",
    "quality_threshold": 80.0,
    "use_real_augmentation": true,
    "temporal_jitter": 0.02,
    "noise_from_real_variance": true,
    "require_independent_test": true,
    "min_test_users": 1,
    "performance_monitoring": true
  },
  "metrics": {
    "far": 0.0,
    "frr": 0.0,
    "eer": 0.0,
    "auc_score": 1.0,
    "accuracy": 1.0,
    "threshold": 0.9645138382911682,
    "precision": 1.0,
    "recall": 1.0,
    "f1_score": 1.0
  },
  "roc_curve": {
    "fpr": [
      0.0,
      0.0,
      0.0,
      0.6153846153846154,
      0.6666666666666666,
      1.0
    ],
    "tpr": [
      0.0,
      0.017543859649122806,
      1.0,
      1.0,
      1.0,
      1.0
    ]
  },
  "confusion_matrix": {
    "true_positives": 57,
    "false_positives": 0,
    "true_negatives": 39,
    "false_negatives": 0
  },
  "training_history": {
    "loss": [
      1.1194816827774048,
      0.7243043184280396,
      0.5067874193191528,
      0.37340667843818665,
      0.3751426935195923,
      0.30925312638282776,
      0.28219711780548096,
      0.28162530064582825,
      0.3293997347354889,
      0.282980352640152,
      0.26520609855651855,
      0.2815820574760437,
      0.25869113206863403,
      0.2406979501247406,
      0.30025210976600647,
      0.2361433058977127,
      0.22583934664726257,
      0.2176448255777359,
      0.2177315503358841,
      0.21430356800556183,
      0.20115697383880615,
      0.20183776319026947,
      0.18741296231746674,
      0.19520598649978638,
      0.19333365559577942,
      0.19883126020431519,
      0.18283548951148987,
      0.18274575471878052,
      0.21665920317173004,
      0.18762435019016266,
      0.17235912382602692,
      0.19358326494693756,
      0.1889142245054245,
      0.1834050416946411,
      0.16507183015346527,
      0.15790952742099762,
      0.16566169261932373,
      0.15652835369110107,
      0.14988279342651367,
      0.16295894980430603,
      0.14707480370998383,
      0.15426354110240936,
      0.1517498940229416,
      0.14427155256271362,
      0.14760521054267883,
      0.1500726193189621,
      0.13711073994636536,
      0.16314983367919922,
      0.167940154671669,
      0.15276874601840973,
      0.1319679617881775,
      0.16283071041107178,
      0.12632213532924652,
      0.13054795563220978,
      0.12394297868013382,
      0.1370677798986435,
      0.12133500725030899,
      0.12550806999206543,
      0.13392019271850586,
      0.11688558012247086,
      0.11467630416154861,
      0.11890904605388641,
      0.11086493730545044,
      0.10887543857097626,
      0.12377547472715378,
      0.10599267482757568,
      0.11910594999790192,
      0.10665290057659149,
      0.1362834870815277,
      0.12203375995159149,
      0.11585579812526703,
      0.11236056685447693,
      0.10252182185649872,
      0.10519997775554657,
      0.11451340466737747,
      0.10467071831226349,
      0.10085940361022949,
      0.09902339428663254,
      0.09283813089132309,
      0.09291695803403854,
      0.11631187796592712,
      0.10474283993244171,
      0.09060299396514893,
      0.0931939035654068,
      0.09606490284204483,
      0.09926428645849228,
      0.08522465825080872,
      0.0953938364982605,
      0.14140698313713074,
      0.09632045030593872,
      0.10687397420406342,
      0.09420991688966751,
      0.09298072010278702,
      0.08682779222726822,
      0.08919282257556915,
      0.08533705770969391,
      0.12303514778614044,
      0.11939166486263275,
      0.08891548216342926,
      0.08726656436920166
    ],
    "val_loss": [
      0.4752897322177887,
      0.3427114486694336,
      0.2772248685359955,
      0.24756892025470734,
      0.23185086250305176,
      0.22327397763729095,
      0.21798305213451385,
      0.21320275962352753,
      0.20957475900650024,
      0.20660698413848877,
      0.2025567889213562,
      0.19935066998004913,
      0.1957673877477646,
      0.1930912733078003,
      0.1911323219537735,
      0.18750977516174316,
      0.1853441447019577,
      0.1823134422302246,
      0.17905354499816895,
      0.17653697729110718,
      0.1737290769815445,
      0.1708054542541504,
      0.16769735515117645,
      0.16484816372394562,
      0.163230761885643,
      0.16034801304340363,
      0.15745903551578522,
      0.15484924614429474,
      0.15297900140285492,
      0.15072906017303467,
      0.14806342124938965,
      0.1472911536693573,
      0.1468002051115036,
      0.14698542654514313,
      0.14511097967624664,
      0.14288076758384705,
      0.14083869755268097,
      0.13912871479988098,
      0.13711053133010864,
      0.13505424559116364,
      0.13346602022647858,
      0.1315920650959015,
      0.129666268825531,
      0.12895354628562927,
      0.12758980691432953,
      0.12621040642261505,
      0.12429197877645493,
      0.12240394204854965,
      0.12121336907148361,
      0.1204829141497612,
      0.11910312622785568,
      0.11772278696298599,
      0.11627265065908432,
      0.11450859904289246,
      0.11332415789365768,
      0.112021304666996,
      0.11086631566286087,
      0.10923667997121811,
      0.10875827074050903,
      0.1073509082198143,
      0.10587426275014877,
      0.10438606142997742,
      0.10307765007019043,
      0.10159096121788025,
      0.10009822994470596,
      0.09901291131973267,
      0.09793281555175781,
      0.09665745496749878,
      0.09652167558670044,
      0.09611672163009644,
      0.09665071219205856,
      0.09579535573720932,
      0.09454347938299179,
      0.09317674487829208,
      0.09209579974412918,
      0.09109213948249817,
      0.09000208973884583,
      0.08887027949094772,
      0.08773491531610489,
      0.08649852871894836,
      0.08575579524040222,
      0.0859716609120369,
      0.085016168653965,
      0.08397697657346725,
      0.08287588506937027,
      0.08219687640666962,
      0.08116631954908371,
      0.08003615587949753,
      0.08073621243238449,
      0.08232645690441132,
      0.08182885497808456,
      0.08162461966276169,
      0.08110930770635605,
      0.0801391676068306,
      0.07942508906126022,
      0.07837098091840744,
      0.07775336503982544,
      0.07727742195129395,
      0.07641162723302841,
      0.07606671005487442
    ],